0	19	5	1	0.5	0.6	1	2021-04-17 20:08:24.034127	2021-04-18 00:52:31.942562	4:44:07.908435	0.9307097380021964	0.9473665676955282	0.9146285166938564	0.9902099208506966	0.5700934579439253	
0	4	5	1	0.4	0.5	1	2021-04-17 20:07:59.414728	2021-04-18 01:16:38.375572	5:08:38.960844	0.9036046978160334	0.8479727379725971	0.9670487381214378	0.9913916471814146	0.6296296296296295	
0	1	5	1	0.4	0.5	1	2021-04-17 20:07:54.049801	2021-04-18 01:24:27.961045	5:16:33.911244	0.9140500852445334	0.8908687459539879	0.9384700606779492	0.9907878812064352	0.6000000000000001	
0	5	5	1	0.4	0.6	1	2021-04-17 20:08:00.661605	2021-04-18 01:52:31.301970	5:44:30.640365	0.9339275223964214	0.9113992702989421	0.9575977222729937	0.9903734269831542	0.5841584158415842	
0	8	5	1	0.5	0.6	1	2021-04-17 20:08:05.829753	2021-04-18 02:00:48.532040	5:52:42.702287	0.9158419370780487	0.8609573759017295	0.9782005502270629	0.9911831474507279	0.6385542168674699	
0	9	5	1	0.5	0.4	1	2021-04-17 20:08:07.271280	2021-04-18 02:05:59.916821	5:57:52.645541	0.9339275223964214	0.9113992702989421	0.9575977222729937	0.9903734269831542	0.5841584158415842	
0	11	5	1	0.5	0.6	1	2021-04-17 20:08:11.021360	2021-04-18 02:02:14.654228	5:54:03.632868	0.9339275223964214	0.9113992702989421	0.9575977222729937	0.9903734269831542	0.5841584158415842	
0	0	5	1	0.4	0.4	1	2021-04-17 20:07:53.320686	2021-04-18 02:08:45.533391	6:00:52.212705	0.9296059915469117	0.890695247780568	0.972071733022922	0.9902967256281952	0.6086956521739131	
0	14	5	1	0.6	0.6	1	2021-04-17 20:08:16.198773	2021-04-18 02:19:39.761325	6:11:23.562552	0.9328220658193531	0.892199791749504	0.9773198981709714	0.9901734379928672	0.6000000000000001	
0	16	5	1	0.6	0.5	1	2021-04-17 20:08:18.972977	2021-04-18 01:34:19.839587	5:26:00.866610	0.9339275223964214	0.9113992702989421	0.9575977222729937	0.9903734269831542	0.5841584158415842	
0	17	5	1	0.6	0.6	1	2021-04-17 20:08:20.894851	2021-04-18 02:19:55.961225	6:11:35.066374	0.9368270333106856	0.9007477917564257	0.9759171665432105	0.9900168417622549	0.5918367346938775	
0	7	5	1	0.5	0.5	1	2021-04-17 20:08:04.216819	2021-04-18 02:15:51.270905	6:07:47.054086	0.9339275223964214	0.9113992702989421	0.9575977222729937	0.9903734269831542	0.5841584158415842	
0	19	5	1	0.5	0.6	2	2021-04-17 20:08:24.034127	2021-04-18 06:21:31.253710	10:13:07.219583	0.9368270333106856	0.9007477917564257	0.9759171665432105	0.9900168417622549	0.5918367346938775	
0	9	5	1	0.5	0.4	2	2021-04-17 20:08:07.271280	2021-04-18 08:15:49.950974	12:07:42.679694	0.9339275223964214	0.9113992702989421	0.9575977222729937	0.9903734269831542	0.5841584158415842	
0	4	5	1	0.4	0.5	2	2021-04-17 20:07:59.414728	2021-04-18 06:53:22.140675	10:45:22.725947	0.9339275223964214	0.9113992702989421	0.9575977222729937	0.9903734269831542	0.5841584158415842	
0	11	5	1	0.5	0.6	2	2021-04-17 20:08:11.021360	2021-04-18 08:45:35.303057	12:37:24.281697	0.9339275223964214	0.9113992702989421	0.9575977222729937	0.9903734269831542	0.5841584158415842	
0	14	5	1	0.6	0.6	2	2021-04-17 20:08:16.198773	2021-04-18 08:44:50.900789	12:36:34.702016	0.9339275223964214	0.9113992702989421	0.9575977222729937	0.9903734269831542	0.5841584158415842	
0	1	5	1	0.4	0.5	2	2021-04-17 20:07:54.049801	2021-04-18 07:06:28.448323	10:58:34.398522	0.9368270333106856	0.9007477917564257	0.9759171665432105	0.9900168417622549	0.5918367346938775	
0	0	5	1	0.4	0.4	2	2021-04-17 20:07:53.320686	2021-04-18 08:57:25.206143	12:49:31.885457	0.9328220658193531	0.892199791749504	0.9773198981709714	0.9901734379928672	0.6000000000000001	
0	16	5	1	0.6	0.5	2	2021-04-17 20:08:18.972977	2021-04-18 09:59:19.978265	13:51:01.005288	0.9339275223964214	0.9113992702989421	0.9575977222729937	0.9903734269831542	0.5841584158415842	
0	8	5	1	0.5	0.6	2	2021-04-17 20:08:05.829753	2021-04-18 08:21:07.338598	12:13:01.508845	0.9339275223964214	0.9113992702989421	0.9575977222729937	0.9903734269831542	0.5841584158415842	
0	17	5	1	0.6	0.6	2	2021-04-17 20:08:20.894851	2021-04-18 10:38:10.247670	14:29:49.352819	0.9368270333106856	0.9007477917564257	0.9759171665432105	0.9900168417622549	0.5918367346938775	
0	5	5	1	0.4	0.6	2	2021-04-17 20:08:00.661605	2021-04-18 08:22:53.067299	12:14:52.405694	0.9339275223964214	0.9113992702989421	0.9575977222729937	0.9903734269831542	0.5841584158415842	
0	7	5	1	0.5	0.5	2	2021-04-17 20:08:04.216819	2021-04-18 10:54:19.887209	14:46:15.670390	0.9368270333106856	0.9007477917564257	0.9759171665432105	0.9900168417622549	0.5918367346938775	
0	19	5	1	0.5	0.6	3	2021-04-17 20:08:24.034127	2021-04-18 12:32:21.304112	16:23:57.269985	0.9368270333106856	0.9007477917564257	0.9759171665432105	0.9900168417622549	0.5918367346938775	
0	9	5	1	0.5	0.4	3	2021-04-17 20:08:07.271280	2021-04-18 14:54:35.941157	18:46:28.669877	0.9339275223964214	0.9113992702989421	0.9575977222729937	0.9903734269831542	0.5841584158415842	
0	1	5	1	0.4	0.5	3	2021-04-17 20:07:54.049801	2021-04-18 15:26:38.766116	19:18:44.716315	0.9377356166343259	0.9427171587026112	0.9328064451377382	0.9900856088648678	0.5700934579439253	
0	11	5	1	0.5	0.6	3	2021-04-17 20:08:11.021360	2021-04-18 15:25:32.065802	19:17:21.044442	0.9339275223964214	0.9113992702989421	0.9575977222729937	0.9903734269831542	0.5841584158415842	
0	0	5	1	0.4	0.4	3	2021-04-17 20:07:53.320686	2021-04-18 15:50:15.893237	19:42:22.572551	0.9339275223964214	0.9113992702989421	0.9575977222729937	0.9903734269831542	0.5841584158415842	
0	17	5	1	0.6	0.6	3	2021-04-17 20:08:20.894851	2021-04-18 17:09:13.827028	21:00:52.932177	0.9368270333106856	0.9007477917564257	0.9759171665432105	0.9900168417622549	0.5918367346938775	
0	4	5	1	0.4	0.5	3	2021-04-17 20:07:59.414728	2021-04-18 15:11:18.393795	19:03:18.979067	0.9377356166343259	0.9427171587026112	0.9328064451377382	0.9900856088648678	0.5700934579439253	
0	5	5	1	0.4	0.6	3	2021-04-17 20:08:00.661605	2021-04-18 17:20:03.917772	21:12:03.256167	0.9384171133408591	0.9151437631436393	0.9629050992554204	0.9904580491550132	0.5918367346938775	
0	14	5	1	0.6	0.6	3	2021-04-17 20:08:16.198773	2021-04-18 15:27:52.187754	19:19:35.988981	0.9384171133408591	0.9151437631436393	0.9629050992554204	0.9904580491550132	0.5918367346938775	
0	16	5	1	0.6	0.5	3	2021-04-17 20:08:18.972977	2021-04-18 16:42:26.325194	20:34:07.352217	0.9372337677410991	0.9004173342742704	0.9771892664218482	0.9904408950400982	0.5918367346938775	
0	8	5	1	0.5	0.6	3	2021-04-17 20:08:05.829753	2021-04-18 17:00:10.123897	20:52:04.294144	0.9377356166343259	0.9427171587026112	0.9328064451377382	0.9900856088648678	0.5700934579439253	
"0	9	5	1	0.5	0.4	4	2021-04-17 20:08:07.271280	2021-04-18 21:33:53.030002	1 day, 1:25:45.758722	0.9339275223964214	0.9113992702989421	0.9575977222729937	0.9903734269831542	0.5841584158415842	"
0	7	5	1	0.5	0.5	3	2021-04-17 20:08:04.216819	2021-04-18 17:30:08.704541	21:22:04.487722	0.9377356166343259	0.9427171587026112	0.9328064451377382	0.9900856088648678	0.5700934579439253	
"0	1	5	1	0.4	0.5	4	2021-04-17 20:07:54.049801	2021-04-18 21:51:22.678365	1 day, 1:43:28.628564	0.9410611781187057	0.9239276053380906	0.9588422172603438	0.9901529876627703	0.5769230769230769	"
"0	11	5	1	0.5	0.6	4	2021-04-17 20:08:11.021360	2021-04-18 22:04:42.789296	1 day, 1:56:31.767936	0.9339275223964214	0.9113992702989421	0.9575977222729937	0.9903734269831542	0.5841584158415842	"
1	3	5	1	0.4	0.4	1	2021-04-20 19:10:09.642301	2021-04-20 23:22:37.927351	4:12:28.285050	0.9118770279469129	0.9338367222660047	0.8909263940641656	0.9902852503409144	0.5769230769230769	
1	0	5	1	0.4	0.4	1	2021-04-20 19:10:05.338937	2021-04-20 23:27:52.564248	4:17:47.225311	0.910144558996223	0.9157281166582704	0.9046286790094606	0.9897531849485562	0.5700934579439253	
1	9	5	1	0.5	0.4	1	2021-04-20 19:10:19.402084	2021-04-20 23:31:13.701681	4:20:54.299597	0.9299943582315511	0.8950767182741677	0.967746919335333	0.9907138422691123	0.6086956521739131	
1	4	5	1	0.4	0.5	1	2021-04-20 19:10:11.269089	2021-04-21 00:01:49.016758	4:51:37.747669	0.9299943582315511	0.8950767182741677	0.967746919335333	0.9907138422691123	0.6086956521739131	
1	7	5	1	0.5	0.5	1	2021-04-20 19:10:16.091860	2021-04-21 00:19:47.805590	5:09:31.713730	0.913472859515845	0.946354881174548	0.8827991438252588	0.9894562415580178	0.5575221238938054	
1	2	5	1	0.4	0.6	1	2021-04-20 19:10:08.492593	2021-04-21 00:28:08.497710	5:18:00.005117	0.934767000256741	0.8957751165759337	0.9773078959504005	0.9906368939649409	0.6086956521739131	
1	16	5	1	0.6	0.5	1	2021-04-20 19:10:31.656000	2021-04-21 00:35:34.098390	5:25:02.442390	0.9310617622153592	0.8811897937621442	0.9869175148764351	0.9902722751347931	0.6086956521739131	
1	1	5	1	0.4	0.5	1	2021-04-20 19:10:06.489885	2021-04-21 00:50:00.217753	5:39:53.727868	0.9356931844478419	0.9256833170083983	0.9459219016228597	0.9905371760872916	0.5841584158415842	
1	15	5	1	0.6	0.4	1	2021-04-20 19:10:30.382715	2021-04-21 00:51:24.241367	5:40:53.858652	0.9356931844478419	0.9256833170083983	0.9459219016228597	0.9905371760872916	0.5841584158415842	
1	6	5	1	0.5	0.4	1	2021-04-20 19:10:14.451164	2021-04-21 00:58:19.068022	5:48:04.616858	0.934767000256741	0.8957751165759337	0.9773078959504005	0.9906368939649409	0.6086956521739131	
1	18	5	1	0.4	0.5	1	2021-04-20 19:10:35.589071	2021-04-21 00:38:21.147658	5:27:45.558587	0.9316785737926586	0.8774034982650479	0.9931111808600773	0.9908999326818171	0.6385542168674699	
1	10	5	1	0.5	0.5	1	2021-04-20 19:10:21.341872	2021-04-21 01:06:37.902108	5:56:16.560236	0.9368929217757508	0.8951720342277123	0.9826928534836523	0.9901443267122463	0.6000000000000001	
1	4	5	1	0.4	0.5	2	2021-04-20 19:10:11.269089	2021-04-21 05:29:20.580548	10:19:09.311459	0.9413938924439142	0.9170047367571352	0.9671158299636087	0.9903314158112296	0.5918367346938775	
1	3	5	1	0.4	0.4	2	2021-04-20 19:10:09.642301	2021-04-21 04:36:23.020921	9:26:13.378620	0.929907855127704	0.8877423293188532	0.9762786324509216	0.99107031823158	0.6179775280898876	
1	15	5	1	0.6	0.4	2	2021-04-20 19:10:30.382715	2021-04-21 06:31:29.411456	11:20:59.028741	0.9368929217757508	0.8951720342277123	0.9826928534836523	0.9901443267122463	0.6000000000000001	
1	1	5	1	0.4	0.5	2	2021-04-20 19:10:06.489885	2021-04-21 06:37:59.643729	11:27:53.153844	0.9387466396259938	0.9036358963575455	0.9766961361268113	0.9904820801882751	0.6000000000000001	
1	0	5	1	0.4	0.4	2	2021-04-20 19:10:05.338937	2021-04-21 04:55:37.936959	9:45:32.598022	0.9368929217757508	0.8951720342277123	0.9826928534836523	0.9901443267122463	0.6000000000000001	
1	6	5	1	0.5	0.4	2	2021-04-20 19:10:14.451164	2021-04-21 06:52:43.825277	11:42:29.374113	0.934767000256741	0.8957751165759337	0.9773078959504005	0.9906368939649409	0.6086956521739131	
1	9	5	1	0.5	0.4	2	2021-04-20 19:10:19.402084	2021-04-21 05:02:50.022219	9:52:30.620135	0.9347329634088036	0.8980858872161105	0.9744980978461155	0.9903222254178924	0.6086956521739131	
1	7	5	1	0.5	0.5	2	2021-04-20 19:10:16.091860	2021-04-21 05:34:22.133932	10:24:06.042072	0.9413938924439142	0.9170047367571352	0.9671158299636087	0.9903314158112296	0.5918367346938775	
1	16	5	1	0.6	0.5	2	2021-04-20 19:10:31.656000	2021-04-21 06:17:26.215793	11:06:54.559793	0.9356931844478419	0.9256833170083983	0.9459219016228597	0.9905371760872916	0.5841584158415842	
1	18	5	1	0.4	0.5	2	2021-04-20 19:10:35.589071	2021-04-21 08:19:12.469430	13:08:36.880359	0.9387902999818891	0.8965558790750698	0.9852005408737498	0.9908768273464659	0.6179775280898876	
1	2	5	1	0.4	0.6	2	2021-04-20 19:10:08.492593	2021-04-21 06:12:29.747068	11:02:21.254475	0.9387466396259938	0.9036358963575455	0.9766961361268113	0.9904820801882751	0.6000000000000001	
1	10	5	1	0.5	0.5	2	2021-04-20 19:10:21.341872	2021-04-21 09:16:15.047484	14:05:53.705612	0.9413401609895586	0.9028544279134579	0.983253023389642	0.9907587006869601	0.6000000000000001	
1	15	5	1	0.6	0.4	3	2021-04-20 19:10:30.382715	2021-04-21 12:26:52.389843	17:16:22.007128	0.9442378000815264	0.9385186986076389	0.950027030491509	0.9903929642884327	0.5769230769230769	
1	1	5	1	0.4	0.5	3	2021-04-20 19:10:06.489885	2021-04-21 12:44:04.994982	17:33:58.505097	0.9387902999818891	0.8965558790750698	0.9852005408737498	0.9908768273464659	0.6179775280898876	
1	0	5	1	0.4	0.4	3	2021-04-20 19:10:05.338937	2021-04-21 12:52:09.098397	17:42:03.759460	0.9400553537486129	0.9074663928141783	0.9750721756292472	0.9899932561149417	0.5918367346938775	
1	6	5	1	0.5	0.4	3	2021-04-20 19:10:14.451164	2021-04-21 12:55:55.860051	17:45:41.408887	0.9387902999818891	0.8965558790750698	0.9852005408737498	0.9908768273464659	0.6179775280898876	
1	7	5	1	0.5	0.5	3	2021-04-20 19:10:16.091860	2021-04-21 13:22:07.481986	18:11:51.390126	0.9442378000815264	0.9385186986076389	0.950027030491509	0.9903929642884327	0.5769230769230769	
1	4	5	1	0.4	0.5	3	2021-04-20 19:10:11.269089	2021-04-21 11:30:55.406704	16:20:44.137615	0.9413938924439142	0.9170047367571352	0.9671158299636087	0.9903314158112296	0.5918367346938775	
1	5	5	1	0.4	0.6	1	2021-04-20 19:10:12.844936	2021-04-21 13:38:51.343201	18:28:38.498265	0.9413401609895586	0.9028544279134579	0.983253023389642	0.9907587006869601	0.6000000000000001	
1	3	5	1	0.4	0.4	3	2021-04-20 19:10:09.642301	2021-04-21 12:01:13.611152	16:51:03.968851	0.9387902999818891	0.8965558790750698	0.9852005408737498	0.9908768273464659	0.6179775280898876	
1	16	5	1	0.6	0.5	3	2021-04-20 19:10:31.656000	2021-04-21 14:06:36.519843	18:56:04.863843	0.9400553537486129	0.9074663928141783	0.9750721756292472	0.9899932561149417	0.5918367346938775	
1	9	5	1	0.5	0.4	3	2021-04-20 19:10:19.402084	2021-04-21 12:52:12.483445	17:41:53.081361	0.9387902999818891	0.8965558790750698	0.9852005408737498	0.9908768273464659	0.6179775280898876	
1	2	5	1	0.4	0.6	3	2021-04-20 19:10:08.492593	2021-04-21 14:31:17.039058	19:21:08.546465	0.9442378000815264	0.9385186986076389	0.950027030491509	0.9903929642884327	0.5769230769230769	
1	10	5	1	0.5	0.5	3	2021-04-20 19:10:21.341872	2021-04-21 15:23:28.831008	20:13:07.489136	0.9413401609895586	0.9028544279134579	0.983253023389642	0.9907587006869601	0.6000000000000001	
"1	7	5	1	0.5	0.5	4	2021-04-20 19:10:16.091860	2021-04-21 19:20:45.608798	1 day, 0:10:29.516938	0.9442378000815264	0.9385186986076389	0.950027030491509	0.9903929642884327	0.5769230769230769	"
"1	4	5	1	0.4	0.5	4	2021-04-20 19:10:11.269089	2021-04-21 19:27:40.481043	1 day, 0:17:29.211954	0.9441014091770168	0.9162450936512202	0.9737046497738622	0.9898236849200059	0.5841584158415842	"
"1	5	5	1	0.4	0.6	2	2021-04-20 19:10:12.844936	2021-04-21 19:29:50.456517	1 day, 0:19:37.611581	0.9413401609895586	0.9028544279134579	0.983253023389642	0.9907587006869601	0.6000000000000001	"
"1	3	5	1	0.4	0.4	4	2021-04-20 19:10:09.642301	2021-04-21 19:55:55.156658	1 day, 0:45:45.514357	0.9387902999818891	0.8965558790750698	0.9852005408737498	0.9908768273464659	0.6179775280898876	"
"1	16	5	1	0.6	0.5	4	2021-04-20 19:10:31.656000	2021-04-21 20:06:25.372774	1 day, 0:55:53.716774	0.9439661758522496	0.941822581915821	0.946119549713574	0.9903228803442471	0.5769230769230769	"
1	1	5	1	0.4	0.5	4	2021-04-20 19:10:06.489885	2021-04-21 18:44:38.618381	23:34:32.128496	0.9413401609895586	0.9028544279134579	0.983253023389642	0.9907587006869601	0.6000000000000001	
"1	9	5	1	0.5	0.4	4	2021-04-20 19:10:19.402084	2021-04-21 20:54:50.493715	1 day, 1:44:31.091631	0.9471685018560202	0.9181877983730907	0.9780382617335555	0.9905527162915251	0.5918367346938775	"
1	6	5	1	0.5	0.4	4	2021-04-20 19:10:14.451164	2021-04-21 19:03:10.197659	23:52:55.746495	0.9413938924439142	0.9170047367571352	0.9671158299636087	0.9903314158112296	0.5918367346938775	
4	0	5	1	0.4	0.4	1	2021-05-18 19:38:35.568589	2021-05-18 23:45:39.331954	4:07:03.763365	0.9116933728066848	0.9108970625374981	0.9124910765700385	0.9902595235654701	0.5769230769230769	
4	14	5	1	0.6	0.6	1	2021-05-18 19:38:59.501686	2021-05-18 23:46:21.313191	4:07:21.811505	0.9184067073944785	0.9209642218712125	0.9158633579991742	0.9901391558415964	0.5700934579439253	
4	15	5	1	0.6	0.4	1	2021-05-18 19:39:01.453068	2021-05-19 00:35:42.836714	4:56:41.383646	0.9250876960613751	0.874437373132093	0.981966461674258	0.9899726775899248	0.6000000000000001	
4	9	5	1	0.5	0.4	1	2021-05-18 19:38:51.596688	2021-05-19 00:44:45.054492	5:05:53.457804	0.9250876960613751	0.874437373132093	0.981966461674258	0.9899726775899248	0.6000000000000001	
4	11	5	1	0.5	0.6	1	2021-05-18 19:38:54.379907	2021-05-19 00:58:26.822339	5:19:32.442432	0.9196165469088861	0.9126797544209961	0.9266595926983028	0.989805107796431	0.5769230769230769	
4	19	5	1	0.5	0.6	1	2021-05-18 19:39:07.994895	2021-05-19 00:59:06.597518	5:19:58.602623	0.9196165469088861	0.9126797544209961	0.9266595926983028	0.989805107796431	0.5769230769230769	
4	17	5	1	0.6	0.6	1	2021-05-18 19:39:05.102547	2021-05-19 01:05:35.639565	5:26:30.537018	0.9201936063337897	0.9255825798454513	0.9148670214856801	0.9664338873774083	0.5849056603773586	
4	12	5	1	0.6	0.4	1	2021-05-18 19:38:56.549514	2021-05-19 01:14:18.707091	5:35:22.157577	0.9293128566679328	0.9152385831404555	0.943826750746764	0.9902912061394371	0.5841584158415842	
4	5	5	1	0.4	0.6	1	2021-05-18 19:38:43.795203	2021-05-19 01:30:34.780345	5:51:50.985142	0.9293128566679328	0.9152385831404555	0.943826750746764	0.9902912061394371	0.5841584158415842	
4	8	5	1	0.5	0.6	1	2021-05-18 19:38:49.531015	2021-05-19 01:44:15.725860	6:05:26.194845	0.9418717492520892	0.9193131987205675	0.9655652550428024	0.9902669233598276	0.5841584158415842	
4	11	5	1	0.5	0.6	2	2021-05-18 19:38:54.379907	2021-05-19 06:29:56.247642	10:51:01.867735	0.9330384212193472	0.8987701780627371	0.9700234020525897	0.9898646742566174	0.5841584158415842	
4	15	5	1	0.6	0.4	2	2021-05-18 19:39:01.453068	2021-05-19 06:26:27.700028	10:47:26.246960	0.9296001454154498	0.8839428837731135	0.9802308564064176	0.9899040453608924	0.5833333333333333	
4	19	5	1	0.5	0.6	2	2021-05-18 19:39:07.994895	2021-05-19 06:57:57.592157	11:18:49.597262	0.9250876960613751	0.874437373132093	0.981966461674258	0.9899726775899248	0.6000000000000001	
4	14	5	1	0.6	0.6	2	2021-05-18 19:38:59.501686	2021-05-19 05:19:06.503912	9:40:07.002226	0.9293128566679328	0.9152385831404555	0.943826750746764	0.9902912061394371	0.5841584158415842	
4	17	5	1	0.6	0.6	2	2021-05-18 19:39:05.102547	2021-05-19 07:24:10.685567	11:45:05.583020	0.9259066325808993	0.9751549855348539	0.8813935243836734	0.9901335485133256	0.5575221238938054	
4	0	5	1	0.4	0.4	2	2021-05-18 19:38:35.568589	2021-05-19 05:25:29.805779	9:46:54.237190	0.9330384212193472	0.8987701780627371	0.9700234020525897	0.9898646742566174	0.5841584158415842	
4	9	5	1	0.5	0.4	2	2021-05-18 19:38:51.596688	2021-05-19 06:36:03.669489	10:57:12.072801	0.9330384212193472	0.8987701780627371	0.9700234020525897	0.9898646742566174	0.5841584158415842	
4	12	5	1	0.6	0.4	2	2021-05-18 19:38:56.549514	2021-05-19 09:26:26.175615	13:47:29.626101	0.9293128566679328	0.9152385831404555	0.943826750746764	0.9902912061394371	0.5841584158415842	
4	5	5	1	0.4	0.6	2	2021-05-18 19:38:43.795203	2021-05-19 09:54:17.506956	14:15:33.711753	0.9330384212193472	0.8987701780627371	0.9700234020525897	0.9898646742566174	0.5841584158415842	
4	8	5	1	0.5	0.6	2	2021-05-18 19:38:49.531015	2021-05-19 10:16:30.259127	14:37:40.728112	0.9418717492520892	0.9193131987205675	0.9655652550428024	0.9902669233598276	0.5841584158415842	
4	15	5	1	0.6	0.4	3	2021-05-18 19:39:01.453068	2021-05-19 12:59:43.355178	17:20:41.902110	0.9357006046518972	0.8997211164512631	0.9746775715633847	0.9660401555773214	0.5922330097087379	
4	19	5	1	0.5	0.6	3	2021-05-18 19:39:07.994895	2021-05-19 13:07:32.489175	17:28:24.494280	0.9330516840310977	0.9072797883575034	0.9603305216438922	0.9899691856966317	0.5841584158415842	
4	0	5	1	0.4	0.4	3	2021-05-18 19:38:35.568589	2021-05-19 13:33:03.278501	17:54:27.709912	0.9330384212193472	0.8987701780627371	0.9700234020525897	0.9898646742566174	0.5841584158415842	
4	14	5	1	0.6	0.6	3	2021-05-18 19:38:59.501686	2021-05-19 13:28:08.200917	17:49:08.699231	0.9418717492520892	0.9193131987205675	0.9655652550428024	0.9902669233598276	0.5841584158415842	
4	5	5	1	0.4	0.6	3	2021-05-18 19:38:43.795203	2021-05-19 16:15:37.159780	20:36:53.364577	0.9429233763074482	0.9242035043305987	0.9624172735550112	0.990290227987198	0.5769230769230769	
4	13	5	1	0.6	0.5	1	2021-05-18 19:38:57.856853	2021-05-19 16:27:40.808790	20:48:42.951937	0.9357006046518972	0.8997211164512631	0.9746775715633847	0.9660401555773214	0.5922330097087379	
4	9	5	1	0.5	0.4	3	2021-05-18 19:38:51.596688	2021-05-19 14:42:02.118998	19:03:10.522310	0.9330384212193472	0.8987701780627371	0.9700234020525897	0.9898646742566174	0.5841584158415842	
"4	0	5	1	0.4	0.4	4	2021-05-18 19:38:35.568589	2021-05-19 19:41:20.702760	1 day, 0:02:45.134171	0.9330384212193472	0.8987701780627371	0.9700234020525897	0.9898646742566174	0.5841584158415842	"
"4	15	5	1	0.6	0.4	4	2021-05-18 19:39:01.453068	2021-05-19 19:41:50.373326	1 day, 0:02:48.920258	0.9377630234415287	0.9161806199470728	0.9603867885931643	0.966454671110623	0.5849056603773586	"
3	10	5	1	0.5	0.5	1	2021-05-25 07:46:43.587249	2021-05-25 12:56:58.984389	5:10:15.397140	0.9202792589567298	0.8873399863078298	0.9557583133855211	0.9902061591050723	0.5918367346938775	
3	19	5	1	0.5	0.6	1	2021-05-25 07:46:58.828073	2021-05-25 13:02:54.028484	5:15:55.200411	0.8803714906945792	0.7900739987012104	0.9939725288405676	0.9904958255005989	0.6615384615384615	
3	3	5	1	0.4	0.4	1	2021-05-25 07:46:31.613629	2021-05-25 13:04:57.273941	5:18:25.660312	0.9202792589567298	0.8873399863078298	0.9557583133855211	0.9902061591050723	0.5918367346938775	
3	15	5	1	0.6	0.4	1	2021-05-25 07:46:52.105283	2021-05-25 13:12:36.147062	5:25:44.041779	0.9455332238814562	0.9172904242902068	0.9755704284215331	0.9902274881015086	0.5918367346938775	
3	18	5	1	0.4	0.5	1	2021-05-25 07:46:57.197352	2021-05-25 13:12:46.697566	5:25:49.500214	0.9455332238814562	0.9172904242902068	0.9755704284215331	0.9902274881015086	0.5918367346938775	
3	13	5	1	0.6	0.5	1	2021-05-25 07:46:48.655715	2021-05-25 13:06:51.655293	5:20:02.999578	0.9455332238814562	0.9172904242902068	0.9755704284215331	0.9902274881015086	0.5918367346938775	
3	7	5	1	0.5	0.5	1	2021-05-25 07:46:38.598715	2021-05-25 13:14:48.874009	5:28:10.275294	0.9455332238814562	0.9172904242902068	0.9755704284215331	0.9902274881015086	0.5918367346938775	
3	9	5	1	0.5	0.4	1	2021-05-25 07:46:41.959784	2021-05-25 13:46:26.818018	5:59:44.858234	0.9333798627043567	0.8838934325079225	0.9887361064733101	0.990144661165372	0.6000000000000001	
3	16	5	1	0.6	0.5	1	2021-05-25 07:46:53.724824	2021-05-25 13:55:31.408776	6:08:37.683952	0.9333798627043567	0.8838934325079225	0.9887361064733101	0.990144661165372	0.6000000000000001	
3	12	5	1	0.6	0.4	1	2021-05-25 07:46:46.905209	2021-05-25 13:09:55.760816	5:23:08.855607	0.9318697125175416	0.9179276549520287	0.9462418233266505	0.9901768436668532	0.5841584158415842	
3	19	5	1	0.5	0.6	2	2021-05-25 07:46:58.828073	2021-05-25 18:32:18.160470	10:45:19.332397	0.9315996339380999	0.9212031429712171	0.9422334684162242	0.9892009955473687	0.5700934579439253	
3	10	5	1	0.5	0.5	2	2021-05-25 07:46:43.587249	2021-05-25 18:49:20.692270	11:02:37.105021	0.9315996339380999	0.9212031429712171	0.9422334684162242	0.9892009955473687	0.5700934579439253	
3	15	5	1	0.6	0.4	2	2021-05-25 07:46:52.105283	2021-05-25 19:29:41.851161	11:42:49.745878	0.9455332238814562	0.9172904242902068	0.9755704284215331	0.9902274881015086	0.5918367346938775	
3	7	5	1	0.5	0.5	2	2021-05-25 07:46:38.598715	2021-05-25 19:41:15.579406	11:54:36.980691	0.9486191592175314	0.9233850768460454	0.975271174469008	0.9898635239472201	0.5841584158415842	
3	13	5	1	0.6	0.5	2	2021-05-25 07:46:48.655715	2021-05-25 19:40:41.042097	11:53:52.386382	0.9455332238814562	0.9172904242902068	0.9755704284215331	0.9902274881015086	0.5918367346938775	
3	9	5	1	0.5	0.4	2	2021-05-25 07:46:41.959784	2021-05-25 20:26:09.894653	12:39:27.934869	0.9333798627043567	0.8838934325079225	0.9887361064733101	0.990144661165372	0.6000000000000001	
3	16	5	1	0.6	0.5	2	2021-05-25 07:46:53.724824	2021-05-25 20:44:03.093857	12:57:09.369033	0.9333798627043567	0.8838934325079225	0.9887361064733101	0.990144661165372	0.6000000000000001	
3	3	5	1	0.4	0.4	2	2021-05-25 07:46:31.613629	2021-05-25 19:11:15.038397	11:24:43.424768	0.9333798627043567	0.8838934325079225	0.9887361064733101	0.990144661165372	0.6000000000000001	
3	18	5	1	0.4	0.5	2	2021-05-25 07:46:57.197352	2021-05-25 19:36:58.907106	11:50:01.709754	0.9455332238814562	0.9172904242902068	0.9755704284215331	0.9902274881015086	0.5918367346938775	
3	12	5	1	0.6	0.4	2	2021-05-25 07:46:46.905209	2021-05-25 21:17:23.938915	13:30:37.033706	0.9455332238814562	0.9172904242902068	0.9755704284215331	0.9902274881015086	0.5918367346938775	
3	19	5	1	0.5	0.6	3	2021-05-25 07:46:58.828073	2021-05-26 00:42:53.085472	16:55:54.257399	0.9318697125175416	0.9179276549520287	0.9462418233266505	0.9901768436668532	0.5841584158415842	
3	10	5	1	0.5	0.5	3	2021-05-25 07:46:43.587249	2021-05-26 01:09:27.257878	17:22:43.670629	0.9455332238814562	0.9172904242902068	0.9755704284215331	0.9902274881015086	0.5918367346938775	
3	9	5	1	0.5	0.4	3	2021-05-25 07:46:41.959784	2021-05-26 03:07:32.850140	19:20:50.890356	0.9360983287659139	0.8883201649068645	0.9893081139809373	0.9902387694584733	0.6000000000000001	
3	16	5	1	0.6	0.5	3	2021-05-25 07:46:53.724824	2021-05-26 03:32:58.470136	19:46:04.745312	0.9455332238814562	0.9172904242902068	0.9755704284215331	0.9902274881015086	0.5918367346938775	
3	7	5	1	0.5	0.5	3	2021-05-25 07:46:38.598715	2021-05-26 02:09:03.501855	18:22:24.903140	0.9486191592175314	0.9233850768460454	0.975271174469008	0.9898635239472201	0.5841584158415842	
3	15	5	1	0.6	0.4	3	2021-05-25 07:46:52.105283	2021-05-26 02:19:35.803708	18:32:43.698425	0.9486191592175314	0.9233850768460454	0.975271174469008	0.9898635239472201	0.5841584158415842	
3	13	5	1	0.6	0.5	3	2021-05-25 07:46:48.655715	2021-05-26 02:33:14.191279	18:46:25.535564	0.9455332238814562	0.9172904242902068	0.9755704284215331	0.9902274881015086	0.5918367346938775	
3	3	5	1	0.4	0.4	3	2021-05-25 07:46:31.613629	2021-05-26 03:43:50.841913	19:57:19.228284	0.9360983287659139	0.8883201649068645	0.9893081139809373	0.9902387694584733	0.6000000000000001	
3	18	5	1	0.4	0.5	3	2021-05-25 07:46:57.197352	2021-05-26 04:31:40.580012	20:44:43.382660	0.9455332238814562	0.9172904242902068	0.9755704284215331	0.9902274881015086	0.5918367346938775	
3	19	5	1	0.5	0.6	4	2021-05-25 07:46:58.828073	2021-05-26 06:55:42.534189	23:08:43.706116	0.9455332238814562	0.9172904242902068	0.9755704284215331	0.9902274881015086	0.5918367346938775	
3	10	5	1	0.5	0.5	4	2021-05-25 07:46:43.587249	2021-05-26 07:38:19.374678	23:51:35.787429	0.9455332238814562	0.9172904242902068	0.9755704284215331	0.9902274881015086	0.5918367346938775	
"3	9	5	1	0.5	0.4	4	2021-05-25 07:46:41.959784	2021-05-26 09:51:36.420614	1 day, 2:04:54.460830	0.9360983287659139	0.8883201649068645	0.9893081139809373	0.9902387694584733	0.6000000000000001	"
3	12	5	1	0.6	0.4	3	2021-05-25 07:46:46.905209	2021-05-26 05:40:49.646714	21:54:02.741505	0.9455332238814562	0.9172904242902068	0.9755704284215331	0.9902274881015086	0.5918367346938775	
"3	16	5	1	0.6	0.5	4	2021-05-25 07:46:53.724824	2021-05-26 10:20:14.858272	1 day, 2:33:21.133448	0.9455332238814562	0.9172904242902068	0.9755704284215331	0.9902274881015086	0.5918367346938775	"
"3	7	5	1	0.5	0.5	4	2021-05-25 07:46:38.598715	2021-05-26 10:55:21.176124	1 day, 3:08:42.577409	0.9486191592175314	0.9233850768460454	0.975271174469008	0.9898635239472201	0.5841584158415842	"
"3	15	5	1	0.6	0.4	4	2021-05-25 07:46:52.105283	2021-05-26 11:20:49.093146	1 day, 3:33:56.987863	0.9486191592175314	0.9233850768460454	0.975271174469008	0.9898635239472201	0.5841584158415842	"
"3	13	5	1	0.6	0.5	4	2021-05-25 07:46:48.655715	2021-05-26 11:29:02.529393	1 day, 3:42:13.873678	0.9455332238814562	0.9172904242902068	0.9755704284215331	0.9902274881015086	0.5918367346938775	"
"3	3	5	1	0.4	0.4	4	2021-05-25 07:46:31.613629	2021-05-26 12:43:47.214498	1 day, 4:57:15.600869	0.9360983287659139	0.8883201649068645	0.9893081139809373	0.9902387694584733	0.6000000000000001	"
"3	18	5	1	0.4	0.5	4	2021-05-25 07:46:57.197352	2021-05-26 13:25:42.631604	1 day, 5:38:45.434252	0.9455332238814562	0.9172904242902068	0.9755704284215331	0.9902274881015086	0.5918367346938775	"
"3	19	5	1	0.5	0.6	5	2021-05-25 07:46:58.828073	2021-05-26 13:35:24.703000	1 day, 5:48:25.874927	0.9455332238814562	0.9172904242902068	0.9755704284215331	0.9902274881015086	0.5918367346938775	"
2	1	5	1	0.4	0.5	1	2021-05-26 14:09:41.258891	2021-05-26 18:40:29.205010	4:30:47.946119	0.9284694859639214	0.8737291067594289	0.9905274484626251	0.9904962799994155	0.6103896103896105	
2	7	5	1	0.5	0.5	1	2021-05-26 14:09:50.607890	2021-05-26 19:06:41.119984	4:56:50.512094	0.9302964351575073	0.8870235288193623	0.9780079620383982	0.9904223911553989	0.6000000000000001	
2	3	5	1	0.4	0.4	1	2021-05-26 14:09:44.499892	2021-05-26 19:28:36.136848	5:18:51.636956	0.9085816457016517	0.9602882471665535	0.8621588115181065	0.9905036929490506	0.5700934579439253	
2	13	5	1	0.6	0.5	1	2021-05-26 14:10:00.506391	2021-05-26 19:37:58.773210	5:27:58.266819	0.9284694859639214	0.8737291067594289	0.9905274484626251	0.9904962799994155	0.6103896103896105	
2	10	5	1	0.5	0.5	1	2021-05-26 14:09:55.905653	2021-05-26 19:41:58.721005	5:32:02.815352	0.9354717959247315	0.9012319107780546	0.9724161344001544	0.9898566721168257	0.5918367346938775	
2	5	5	1	0.4	0.6	1	2021-05-26 14:09:47.359123	2021-05-26 19:40:12.189135	5:30:24.830012	0.9355050425385583	0.9239805158298009	0.9473206840351945	0.9903807786006648	0.5841584158415842	
2	18	5	1	0.4	0.5	1	2021-05-26 14:10:09.035392	2021-05-26 19:54:02.320172	5:43:53.284780	0.9355050425385583	0.9239805158298009	0.9473206840351945	0.9903807786006648	0.5841584158415842	
2	17	5	1	0.6	0.6	1	2021-05-26 14:10:07.697591	2021-05-26 19:57:30.930626	5:47:23.233035	0.9302964351575073	0.8870235288193623	0.9780079620383982	0.9904223911553989	0.6000000000000001	
2	11	5	1	0.5	0.6	1	2021-05-26 14:09:57.605725	2021-05-26 20:06:39.428681	5:56:41.822956	0.9355050425385583	0.9239805158298009	0.9473206840351945	0.9903807786006648	0.5841584158415842	
2	16	5	1	0.6	0.5	1	2021-05-26 14:10:05.859221	2021-05-26 20:10:49.628811	6:00:43.769590	0.918229672363249	0.8584691639950371	0.9869329118143596	0.9903676960183633	0.6179775280898876	
2	14	5	1	0.6	0.6	1	2021-05-26 14:10:02.296976	2021-05-26 19:38:09.988266	5:28:07.691290	0.9317459504320053	0.9589509869422422	0.9060419218635589	0.9898762969705933	0.5555555555555556	
2	1	5	1	0.4	0.5	2	2021-05-26 14:09:41.258891	2021-05-26 23:11:12.346526	9:01:31.087635	0.9355050425385583	0.9239805158298009	0.9473206840351945	0.9903807786006648	0.5841584158415842	
2	3	5	1	0.4	0.4	2	2021-05-26 14:09:44.499892	2021-05-27 01:00:17.385540	10:50:32.885648	0.9355050425385583	0.9239805158298009	0.9473206840351945	0.9903807786006648	0.5841584158415842	
2	7	5	1	0.5	0.5	2	2021-05-26 14:09:50.607890	2021-05-27 00:01:11.667957	9:51:21.060067	0.9354717959247315	0.9012319107780546	0.9724161344001544	0.9898566721168257	0.5918367346938775	
2	17	5	1	0.6	0.6	2	2021-05-26 14:10:07.697591	2021-05-27 01:40:55.733790	11:30:48.036199	0.9354717959247315	0.9012319107780546	0.9724161344001544	0.9898566721168257	0.5918367346938775	
2	5	5	1	0.4	0.6	2	2021-05-26 14:09:47.359123	2021-05-27 01:43:53.827900	11:34:06.468777	0.946051851840182	0.9196995194235674	0.9739588887074199	0.9896872194455972	0.5686274509803921	
2	18	5	1	0.4	0.5	2	2021-05-26 14:10:09.035392	2021-05-27 02:04:08.863737	11:53:59.828345	0.9355050425385583	0.9239805158298009	0.9473206840351945	0.9903807786006648	0.5841584158415842	
2	13	5	1	0.6	0.5	2	2021-05-26 14:10:00.506391	2021-05-27 00:48:18.661848	10:38:18.155457	0.946051851840182	0.9196995194235674	0.9739588887074199	0.9896872194455972	0.5686274509803921	
2	10	5	1	0.5	0.5	2	2021-05-26 14:09:55.905653	2021-05-27 01:25:44.971588	11:15:49.065935	0.9354717959247315	0.9012319107780546	0.9724161344001544	0.9898566721168257	0.5918367346938775	
2	1	5	1	0.4	0.5	3	2021-05-26 14:09:41.258891	2021-05-27 04:50:10.074975	14:40:28.816084	0.9355050425385583	0.9239805158298009	0.9473206840351945	0.9903807786006648	0.5841584158415842	
2	14	5	1	0.6	0.6	2	2021-05-26 14:10:02.296976	2021-05-27 03:56:39.931935	13:46:37.634959	0.9354717959247315	0.9012319107780546	0.9724161344001544	0.9898566721168257	0.5918367346938775	
2	3	5	1	0.4	0.4	3	2021-05-26 14:09:44.499892	2021-05-27 06:56:25.625318	16:46:41.125426	0.9430309776096651	0.9186457947118777	0.9687460572670835	0.9904906687481145	0.5913978494623656	
2	17	5	1	0.6	0.6	3	2021-05-26 14:10:07.697591	2021-05-27 07:16:50.085436	17:06:42.387845	0.9355050425385583	0.9239805158298009	0.9473206840351945	0.9903807786006648	0.5841584158415842	
2	7	5	1	0.5	0.5	3	2021-05-26 14:09:50.607890	2021-05-27 07:23:27.181799	17:13:36.573909	0.946051851840182	0.9196995194235674	0.9739588887074199	0.9896872194455972	0.5686274509803921	
2	18	5	1	0.4	0.5	3	2021-05-26 14:10:09.035392	2021-05-27 07:55:44.248986	17:45:35.213594	0.9355050425385583	0.9239805158298009	0.9473206840351945	0.9903807786006648	0.5841584158415842	
2	13	5	1	0.6	0.5	3	2021-05-26 14:10:00.506391	2021-05-27 08:40:02.858502	18:30:02.352111	0.946051851840182	0.9196995194235674	0.9739588887074199	0.9896872194455972	0.5686274509803921	
2	10	5	1	0.5	0.5	3	2021-05-26 14:09:55.905653	2021-05-27 09:12:39.384761	19:02:43.479108	0.946051851840182	0.9196995194235674	0.9739588887074199	0.9896872194455972	0.5686274509803921	
2	5	5	1	0.4	0.6	3	2021-05-26 14:09:47.359123	2021-05-27 08:01:13.139447	17:51:25.780324	0.946051851840182	0.9196995194235674	0.9739588887074199	0.9896872194455972	0.5686274509803921	
2	1	5	1	0.4	0.5	4	2021-05-26 14:09:41.258891	2021-05-27 10:44:53.166742	20:35:11.907851	0.9445339100812509	0.9481704140755444	0.9409251935742081	0.9904180213777126	0.5769230769230769	
2	14	5	1	0.6	0.6	3	2021-05-26 14:10:02.296976	2021-05-27 11:23:21.102381	21:13:18.805405	0.946051851840182	0.9196995194235674	0.9739588887074199	0.9896872194455972	0.5686274509803921	
2	3	5	1	0.4	0.4	4	2021-05-26 14:09:44.499892	2021-05-27 13:01:45.757287	22:52:01.257395	0.946051851840182	0.9196995194235674	0.9739588887074199	0.9896872194455972	0.5686274509803921	
"2	13	5	1	0.6	0.5	4	2021-05-26 14:10:00.506391	2021-05-27 15:11:49.157436	1 day, 1:01:48.651045	0.946051851840182	0.9196995194235674	0.9739588887074199	0.9896872194455972	0.5686274509803921	"
"2	10	5	1	0.5	0.5	4	2021-05-26 14:09:55.905653	2021-05-27 15:27:19.695151	1 day, 1:17:23.789498	0.946051851840182	0.9196995194235674	0.9739588887074199	0.9896872194455972	0.5686274509803921	"
2	17	5	1	0.6	0.6	4	2021-05-26 14:10:07.697591	2021-05-27 13:20:51.608874	23:10:43.911283	0.9436543303438121	0.9278278517751949	0.9600301006815901	0.9901974835038089	0.5841584158415842	
"2	1	5	1	0.4	0.5	5	2021-05-26 14:09:41.258891	2021-05-27 16:46:36.484333	1 day, 2:36:55.225442	0.9445339100812509	0.9481704140755444	0.9409251935742081	0.9904180213777126	0.5769230769230769	"
"2	5	5	1	0.4	0.6	4	2021-05-26 14:09:47.359123	2021-05-27 16:47:21.418352	1 day, 2:37:34.059229	0.946051851840182	0.9196995194235674	0.9739588887074199	0.9896872194455972	0.5686274509803921	"
"2	14	5	1	0.6	0.6	4	2021-05-26 14:10:02.296976	2021-05-27 17:22:47.401536	1 day, 3:12:45.104560	0.946051851840182	0.9196995194235674	0.9739588887074199	0.9896872194455972	0.5686274509803921	"
2	7	5	1	0.5	0.5	4	2021-05-26 14:09:50.607890	2021-05-27 13:53:09.577105	23:43:18.969215	0.946051851840182	0.9196995194235674	0.9739588887074199	0.9896872194455972	0.5686274509803921	
2	18	5	1	0.4	0.5	4	2021-05-26 14:10:09.035392	2021-05-27 14:02:41.516307	23:52:32.480915	0.946051851840182	0.9196995194235674	0.9739588887074199	0.9896872194455972	0.5686274509803921	
3	8	5	1	0.5	0.6	1	2021-06-01 22:51:46.273587	2021-06-02 02:53:32.108671	4:01:45.835084	0.9236468433721907	0.8760625464762761	0.9766972229618283	0.9909882981352804	0.627906976744186	
3	16	5	1	0.6	0.5	1	2021-06-01 22:51:59.487978	2021-06-02 03:47:04.181987	4:55:04.694009	0.9236468433721907	0.8760625464762761	0.9766972229618283	0.9909882981352804	0.627906976744186	
3	6	5	1	0.5	0.4	1	2021-06-01 22:51:43.018793	2021-06-02 03:54:30.352741	5:02:47.333948	0.913095276135582	0.9454588013160902	0.8828740578624277	0.9903981392767862	0.5700934579439253	
3	3	5	1	0.4	0.4	1	2021-06-01 22:51:37.718263	2021-06-02 03:58:01.865377	5:06:24.147114	0.9373719880533057	0.9391388891804893	0.9356117229562652	0.9905550173977917	0.5841584158415842	
3	14	5	1	0.6	0.6	1	2021-06-01 22:51:56.355155	2021-06-02 04:17:12.847168	5:25:16.492013	0.9326111345711758	0.9343403083545274	0.9308883492921611	0.9904977631345943	0.5833333333333333	
3	19	5	1	0.5	0.6	1	2021-06-01 22:52:04.302832	2021-06-02 04:19:43.459862	5:27:39.157030	0.9326111345711758	0.9343403083545274	0.9308883492921611	0.9904977631345943	0.5833333333333333	
3	7	5	1	0.5	0.5	1	2021-06-01 22:51:44.157549	2021-06-02 04:26:52.080823	5:35:07.923274	0.9326111345711758	0.9343403083545274	0.9308883492921611	0.9904977631345943	0.5833333333333333	
3	18	5	1	0.4	0.5	1	2021-06-01 22:52:03.198925	2021-06-02 04:27:07.688932	5:35:04.490007	0.9272381053874219	0.8776394782311684	0.982778525904695	0.9904482060413208	0.627906976744186	
3	0	5	1	0.4	0.4	1	2021-06-01 22:51:33.374027	2021-06-02 04:26:31.748947	5:34:58.374920	0.933657832971518	0.912167172405374	0.9561855670103093	0.9903822581607898	0.5918367346938775	
3	4	5	1	0.4	0.5	1	2021-06-01 22:51:39.712103	2021-06-02 04:42:09.087992	5:50:29.375889	0.933657832971518	0.912167172405374	0.9561855670103093	0.9903822581607898	0.5918367346938775	
3	12	5	1	0.6	0.4	1	2021-06-01 22:51:52.851164	2021-06-02 04:51:41.304435	5:59:48.453271	0.9310623558981173	0.910013777698132	0.9531076944763286	0.9902112709223363	0.5841584158415842	
3	6	5	1	0.5	0.4	2	2021-06-01 22:51:43.018793	2021-06-02 09:40:27.023496	10:48:44.004703	0.9271478894200287	0.884659409930748	0.973923552957243	0.9895620556676887	0.6000000000000001	
3	8	5	1	0.5	0.6	2	2021-06-01 22:51:46.273587	2021-06-02 07:59:19.690650	9:07:33.417063	0.9310623558981173	0.910013777698132	0.9531076944763286	0.9902112709223363	0.5841584158415842	
3	18	5	1	0.4	0.5	2	2021-06-01 22:52:03.198925	2021-06-02 10:17:12.323896	11:25:09.124971	0.949799346882289	0.9310305392957468	0.9693404506772025	0.9898618456136683	0.5619047619047619	
3	3	5	1	0.4	0.4	2	2021-06-01 22:51:37.718263	2021-06-02 10:18:55.896715	11:27:18.178452	0.9449267705478386	0.9193307084840053	0.9719889465097955	0.9906283649808286	0.5918367346938775	
3	0	5	1	0.4	0.4	2	2021-06-01 22:51:33.374027	2021-06-02 10:33:40.747152	11:42:07.373125	0.933657832971518	0.912167172405374	0.9561855670103093	0.9903822581607898	0.5918367346938775	
3	4	5	1	0.4	0.5	2	2021-06-01 22:51:39.712103	2021-06-02 11:08:45.330055	12:17:05.617952	0.933657832971518	0.912167172405374	0.9561855670103093	0.9903822581607898	0.5918367346938775	
3	16	5	1	0.6	0.5	2	2021-06-01 22:51:59.487978	2021-06-02 09:39:13.608329	10:47:14.120351	0.949799346882289	0.9310305392957468	0.9693404506772025	0.9898618456136683	0.5619047619047619	
3	7	5	1	0.5	0.5	2	2021-06-01 22:51:44.157549	2021-06-02 10:09:01.324360	11:17:17.166811	0.9394800481713458	0.9194771184959243	0.9603726469458317	0.9907828946059524	0.6000000000000001	
3	14	5	1	0.6	0.6	2	2021-06-01 22:51:56.355155	2021-06-02 10:06:12.643826	11:14:16.288671	0.949799346882289	0.9310305392957468	0.9693404506772025	0.9898618456136683	0.5619047619047619	
3	6	5	1	0.5	0.4	3	2021-06-01 22:51:43.018793	2021-06-02 15:22:43.465567	16:31:00.446774	0.933657832971518	0.912167172405374	0.9561855670103093	0.9903822581607898	0.5918367346938775	
3	8	5	1	0.5	0.6	3	2021-06-01 22:51:46.273587	2021-06-02 16:13:54.078586	17:22:07.804999	0.949799346882289	0.9310305392957468	0.9693404506772025	0.9898618456136683	0.5619047619047619	
3	0	5	1	0.4	0.4	3	2021-06-01 22:51:33.374027	2021-06-02 17:03:11.759383	18:11:38.385356	0.9337125146302401	0.903998671323652	0.9654460944248809	0.9902927784199662	0.5918367346938775	
3	7	5	1	0.5	0.5	3	2021-06-01 22:51:44.157549	2021-06-02 17:33:46.446941	18:42:02.289392	0.9394800481713458	0.9194771184959243	0.9603726469458317	0.9907828946059524	0.6000000000000001	
3	4	5	1	0.4	0.5	3	2021-06-01 22:51:39.712103	2021-06-02 17:43:26.256789	18:51:46.544686	0.949799346882289	0.9310305392957468	0.9693404506772025	0.9898618456136683	0.5619047619047619	
3	16	5	1	0.6	0.5	3	2021-06-01 22:51:59.487978	2021-06-02 17:52:05.105318	19:00:05.617340	0.949799346882289	0.9310305392957468	0.9693404506772025	0.9898618456136683	0.5619047619047619	
